{
  "drive": {
    "p": 0.13423,
    "i": 0,
    "d": 0.005,
    "f": 0,
    "iz": 0
  },
  "angle": {
    "p": 0.0025,
    "i": 0,
    "d": 0.00001,
    "f": 0,
    "iz": 0
  }
}